[FILL] a complete	REVOLUTION/ROTATION	[FILL] of	WHAT'S MOVING	[FILL] around/on	CENTER POINT	[FILL] takes	HOW LONG IT TAKES	UNITS	[SKIP] COMMENTS	[SKIP] DEP	[SKIP] UID	
a complete	rotation	of the	Earth	on	Earth's axis; itself	takes	1; one	day			d047-b416-20a3-5fca	
a complete	revolution; orbit	of the	Earth	around	the sun	takes	1; one	year; solar year; Earth year			e682-f47d-cc9c-a67c	
a complete	revolution; orbit	of the	moon	around	the Earth	takes	1; one	month			9baa-2f01-60c7-64fa	
a complete	rotation	of the	moon			takes	1; one	month			23ed-359d-1127-b8e9	
a complete	revolution; orbit	of a 	planet	around	its star	takes	1; one	planetary year			b107-d162-bbc9-c5d8	
a complete	revolution; orbit	of	Phobos	around	Mars	takes	8; eight	hours			70c9-28e1-6837-cb64	
a complete	rotation	of	Phobos	on	its axis	takes	8; eight	hours			f392-222a-fb23-70a9	
